"","eu","tf_unadj","tf_adj","trich_unadj","trich_adj","trich_unmanaged_unadj","trich_unmanaged_adj","tt_unadj","tt_adj","tt_unmanaged_unadj","tt_unmanaged_adj"
"1","99991",0.0174454802462533,0.0151305627159163,0.024731619735798,0.0110512501166667,0.0195541762820769,0.00831077760555556,0.0228953624258565,0.00976391075,0.0177179189721353,0.00702343823888889
"2","99993",0.0185298336059746,0.0163943261112867,0.0169403194532023,0.00616895910444444,0.0139339359731346,0.00505254240611111,0.0169403194532023,0.00616895910444444,0.0139339359731346,0.00505254240611111
"3","99994",0.0175500483677722,0.0164497071683491,0.0143842026199468,0.00475987173106061,0.00817926867030478,0.00236801885606061,0.0134170846315522,0.00441837693560606,0.00721215068191019,0.00202652406060606
