"","eu","tf_unadj","tf_adj","tf_95_low","tf_95_upp"
"1","99991",0.0174454802462533,0.0151305627159163,0.00793892371067833,0.0218884489184046
"2","99993",0.0185298336059746,0.0163943261112867,0.00953938574166739,0.0241423446084409
"3","99994",0.0175500483677722,0.0164497071683491,0.00612752148920389,0.0255875388028481
