"","eu","trich_unadj","trich_adj","trich_95_low","trich_95_upp","trich_unmanaged_unadj","trich_unmanaged_adj","trich_unmanaged_95_low","trich_unmanaged_95_upp"
"1","99991",0.024731619735798,0.0110512501166667,0.006803631895,0.0163639558500139,0.0195541762820769,0.00831077760555556,0.00498437580441667,0.0122197191365139
"2","99993",0.0169403194532023,0.00616895910444444,0.00320439608290278,0.00893902194504166,0.0139339359731346,0.00505254240611111,0.00262751219704167,0.00813260468393056
"3","99994",0.0143842026199468,0.00475987173106061,0.00206963571969697,0.00777892968551136,0.00817926867030478,0.00236801885606061,0.000786840348484848,0.00417096691212121
